"Source","Target","Source.level","Target.level","Label","Parent.Label","Colour","DSource","Unit","GEO","X2017","X2016","X2015","X2014","X2013","X2012","X2011","X2010"
"Domestic Extraction","Domestic Input","Sourcing","Availability","Metal Ores","Metal Ores","#fc8d62","env_ac_mfa.tsv","kt","EU27_2020",211449.819,206501.599,189361.392,189156.081,213604.232,184468.835,170654.262,163922.162
"Domestic Extraction","Domestic Input","Sourcing","Availability","Non-metallic Ores","Non-metallic Ores","#fc8d62","env_ac_mfa.tsv","kt","EU27_2020",2973242.244,2842182.24,2848366.985,2785731.111,2773384.281,2934908.707,3303752.384,3068830.149
"Material industry","Exports","Processing","Backflows","Metal Ores","Metal Ores","#fc8d62","env_ac_mfa.tsv","kt","EU27_2020",130546.369,123863.045,122059.714,134018.654,134641.566,139136.12,133381.09,119889.249
"Material industry","Exports","Processing","Backflows","Non-metallic Ores","Non-metallic Ores","#fc8d62","env_ac_mfa.tsv","kt","EU27_2020",103905.95,103283.063,102923.536,102171.728,96538.394,89451.351,80694.358,79047.166
"Imports","Domestic Input","Sourcing","Availability","Metal Ores","Metal Ores","#fc8d62","env_ac_mfa.tsv","kt","EU27_2020",245761.863,240139.457,245623.83,233734.92,226256.132,214252.554,239713.175,228036.241
"Imports","Domestic Input","Sourcing","Availability","Non-metallic Ores","Non-metallic Ores","#fc8d62","env_ac_mfa.tsv","kt","EU27_2020",96726.977,86854.888,82590.889,84325.018,81594.42,84354.655,100131.915,95234.462
"Domestic Input","Losses","Availability","Outflows","Metal Ores","Metal Ores","#fc8d62","env_ac_sd.tsv","kt","EU27_2020",0,0,0,0,0,0,0,0
"Domestic Input","Losses","Availability","Outflows","Non-metallic Ores","Non-metallic Ores","#fc8d62","env_ac_sd.tsv","kt","EU27_2020",36290,36102,35657,36081,33031,33287,32844,33544
"Material industry","Emissions","Processing","Outflows","Metal Ores","Metal Ores","#fc8d62","env_ac_sd.tsv","kt","EU27_2020",5680,5694,5585,5476,5427,5377,5274,5171
"Material industry","Emissions","Processing","Outflows","Non-metallic Ores","Non-metallic Ores","#fc8d62","env_ac_sd.tsv","kt","EU27_2020",11523,11788,11503,11222,11140,11059,10981,10898
"Material industry","Stocks","Processing","Services","Metal Ores","Metal Ores","#fc8d62","env_ac_sd.tsv","kt","EU27_2020",316640,312825,302712,278398,294398,248417,264995,259253
"Material industry","Stocks","Processing","Services","Non-metallic Ores","Non-metallic Ores","#fc8d62","env_ac_sd.tsv","kt","EU27_2020",2241484,2090630,2063253,1975493,1955521,2109979,2546333,2346390
"Domestic Input","Material industry","Availability","Processing","Metal Ores","Metal Ores","#fc8d62","env_ac_sd.tsv","kt","EU27_2020",412260,404254,397290,376126,390802,343498,356999,348182
"Domestic Input","Material industry","Availability","Processing","Non-metallic Ores","Non-metallic Ores","#fc8d62","env_ac_sd.tsv","kt","EU27_2020",3629387,3460494,3452267,3383656,3382365,3555504,3957888,3723977
"Waste treatment","Landfill","Backflows","Outflows","Biomass","Biomass","#66c2a5","env_wassd.tsv","kt","EU27_2020",31154,31961,35554,39147,42480,45814,51954,58095
"Waste treatment","Landfill","Backflows","Outflows","Metal Ores","Metal Ores","#fc8d62","env_wassd.tsv","kt","EU27_2020",4339,4258,4627,4996,5393,5790,6722,7654
"Waste treatment","Landfill","Backflows","Outflows","Non-metallic Ores","Non-metallic Ores","#fc8d62","env_wassd.tsv","kt","EU27_2020",680715,690015,717019,744023,758186,772350,733813,695277
"Waste treatment","Landfill","Backflows","Outflows","Fossil","Fossil","#8da0cb","env_wassd.tsv","kt","EU27_2020",12892,12496,13495,14494,15740,16987,19581,22174
"Waste treatment","Domestic Input","Backflows","Availability","Biomass","Biomass","#66c2a5","env_wassd.tsv","kt","EU27_2020",419,422,416,409,470,532,526,519
"Waste treatment","Domestic Input","Backflows","Availability","Metal Ores","Metal Ores","#fc8d62","env_wassd.tsv","kt","EU27_2020",95,94,94,94,91,88,94,101
"Waste treatment","Domestic Input","Backflows","Availability","Non-metallic Ores","Non-metallic Ores","#fc8d62","env_wassd.tsv","kt","EU27_2020",217070,206669,208627,210585,207120,203656,198878,194101
"Waste treatment","Domestic Input","Backflows","Availability","Fossil","Fossil","#8da0cb","env_wassd.tsv","kt","EU27_2020",766,735,703,672,693,715,677,638
"Waste treatment","Domestic Input","Backflows","Availability","Biomass","Biomass","#66c2a5","env_wassd.tsv","kt","EU27_2020",141873,142022,137482,132942,132929,132917,131355,129792
"Waste treatment","Domestic Input","Backflows","Availability","Metal Ores","Metal Ores","#fc8d62","env_wassd.tsv","kt","EU27_2020",85506,81383,84271,87159,85493,83826,79914,76002
"Waste treatment","Domestic Input","Backflows","Availability","Non-metallic Ores","Non-metallic Ores","#fc8d62","env_wassd.tsv","kt","EU27_2020",478555,461350,451822,442293,450348,458404,467828,477251
"Waste treatment","Domestic Input","Backflows","Availability","Fossil","Fossil","#8da0cb","env_wassd.tsv","kt","EU27_2020",29796,29376,29486,29596,28499,27403,26974,26545
"Stocks","Waste treatment","Services","Backflows","Biomass","Biomass","#66c2a5","env_wassd.tsv","kt","EU27_2020",243226,244496,242316,240137,245160,250184,253619,257055
"Consumables","Waste treatment","Services","Backflows","Metal Ores","Metal Ores","#fc8d62","env_wassd.tsv","kt","EU27_2020",95620,91429,94578,97728,96404,95081,92005,88929
"Consumables","Waste treatment","Services","Backflows","Non-metallic Ores","Non-metallic Ores","#fc8d62","env_wassd.tsv","kt","EU27_2020",1387902,1369864,1389013,1408163,1426844,1445524,1411555,1377586
"Consumables","Waste treatment","Services","Backflows","Fossil","Fossil","#8da0cb","env_wassd.tsv","kt","EU27_2020",63622,62532,63342,64152,64217,64281,66161,68040
"Refinery, direct carry over and other","Energy industry (consumption and losses)","Processing","Outflows","Electricity","Electricity","#e78ac3","nrg_bal_sd","TJ","EU27_2020",640982.3328,647940.7944,645633.8676,629255.106,666023.5836,659462.868,655715.682,667430.3484
"Refinery, direct carry over and other","Exports","Processing","Backflows","Electricity","Electricity","#e78ac3","nrg_bal_sd","TJ","EU27_2020",1336066.4952,1302760.5012,1419530.3532,1327357.9512,1201975.8516,1233607.1256,1152533.9304,1031908.0356
"Domestic Input","Material industry","Availability","Processing","Electricity","Electricity","#e78ac3","nrg_bal_sd","TJ","EU27_2020",3391843.9104,3332177.8236,3288203.8632,3276087.264,3261353.9148,3311214.516,3371295.096,3330155.5992
"Electricity and heat generation","Residential housing and other energy","Processing","Services","Electricity","Electricity","#e78ac3","nrg_bal_sd","TJ","EU27_2020",5420842.5528,5395047.678,5329365.1596,5197619.124,5391396.7884,5423919.8508,5330750.9904,5503653.27
"Refinery, direct carry over and other","Transport","Processing","Services","Electricity","Electricity","#e78ac3","nrg_bal_sd","TJ","EU27_2020",209829.8556,206647.8876,203089.1076,200237.8968,205806.3408,205303.9248,207338.7096,202293.6156
"Domestic Input","Refinery, direct carry over and other","Availability","Processing","Electricity","Electricity","#e78ac3","nrg_bal_sd","TJ","EU27_2020",1171860.1992,1163561.9616,1251706.662,1159379.3484,1045967.31,1112081.0688,1024928.64,904424.1624
"Imports","Domestic Input","Sourcing","Availability","Electricity","Electricity","#e78ac3","nrg_bal_sd","TJ","EU27_2020",1319595.624,1305088.362,1395498.1212,1309270.9752,1195423.5096,1258032.9168,1156013.1612,1049542.8372
"Refinery, direct carry over and other","Energy industry (consumption and losses)","Processing","Outflows","Electricity","Electricity","#e78ac3","nrg_bal_sd","TJ","EU27_2020",807939.3564,800101.6668,802534.1976,794390.8716,806360.9328,831645.018,870950.6964,907518.2076
"Domestic Input","Electricity and heat generation","Availability","Processing","Electricity","Electricity","#e78ac3","nrg_bal_sd","TJ","EU27_2020",147735.4248,141526.4004,143791.4592,149895.8136,149460.3864,145951.848,131084.5212,145118.6748
"Refinery, direct carry over and other","Energy industry (consumption and losses)","Processing","Outflows","Gaseos fossil fuel","Fossil","#8da0cb","nrg_bal_sd","TJ","EU27_2020",92687.3784,96928.6068,95840.0388,92076.1056,96999.7824,107240.6952,108245.5272,124071.6312
"Refinery, direct carry over and other","Exports","Processing","Backflows","Gaseos fossil fuel","Fossil","#8da0cb","nrg_bal_sd","TJ","EU27_2020",3618345.6036,3318327.8892,3576963.2724,3436496.1324,3627234.18,3250698.5088,3064595.2488,3107849.0796
"Domestic Input","Material industry","Availability","Processing","Gaseos fossil fuel","Fossil","#8da0cb","nrg_bal_sd","TJ","EU27_2020",3412422.0324,3334258.6632,3246507.522,3337775.5752,3431723.1804,3400347.3012,3420418.8204,3448989.5436
"Refinery, direct carry over and other","Consumables","Processing","Services","Gaseos fossil fuel","Fossil","#8da0cb","nrg_bal_sd","TJ","EU27_2020",621584.8884,568621.8684,573964.2252,599495.3316,573336.2052,584958.762,601161.678,571954.5612
"Refinery, direct carry over and other","Residential housing and other energy","Processing","Services","Gaseos fossil fuel","Fossil","#8da0cb","nrg_bal_sd","TJ","EU27_2020",5089578.75,5109629.3352,4884036.1776,4556963.3616,5434416.1584,5289871.0752,5051688.21,5778081.2628
"Refinery, direct carry over and other","Transport","Processing","Services","Gaseos fossil fuel","Fossil","#8da0cb","nrg_bal_sd","TJ","EU27_2020",137909.0052,133923.1716,127136.3688,124762.4532,130050.3816,118126.3752,126432.9864,110879.0244
"Domestic Input","Refinery, direct carry over and other","Availability","Processing","Gaseos fossil fuel","Fossil","#8da0cb","nrg_bal_sd","TJ","EU27_2020",13285403.0352,12770606.6676,12724736.0868,12589615.4904,13486377.8088,12918170.4336,12861502.0956,13275040.7052
"Imports","Domestic Input","Sourcing","Availability","Gaseos fossil fuel","Fossil","#8da0cb","nrg_bal_sd","TJ","EU27_2020",14728467.3912,13248802.0296,12811298.1768,11972954.2788,12812671.4472,12740838.5196,13064009.238,13399694.3016
"Refinery, direct carry over and other","Energy industry (consumption and losses)","Processing","Outflows","Gaseos fossil fuel","Fossil","#8da0cb","nrg_bal_sd","TJ","EU27_2020",729629.4492,672680.5956,693878.364,645918.57,653002.6356,638763.3288,625922.4132,616493.7396
"Domestic Extraction","Domestic Input","Sourcing","Availability","Gaseos fossil fuel","Fossil","#8da0cb","nrg_bal_sd","TJ","EU27_2020",2788823.2932,2990890.8216,3030351.4116,3595062.8088,4164254.082,4161855.0456,4307103.5112,4584700.9116
"Domestic Input","Refinery, direct carry over and other","Availability","Processing","Gaseos fossil fuel","Fossil","#8da0cb","nrg_bal_sd","TJ","EU27_2020",1373.2704,519.1632,1394.2044,602.8992,372.6252,330.7572,1172.304,1494.6876
"Domestic Input","Electricity and heat generation","Availability","Processing","Gaseos fossil fuel","Fossil","#8da0cb","nrg_bal_sd","TJ","EU27_2020",4493131.4088,4091805.6948,3639087.0108,3396889.0044,3848318.154,4390412.4576,4884396.2424,5336951.6412
"Domestic Input","Refinery, direct carry over and other","Availability","Processing","Gaseos fossil fuel","Fossil","#8da0cb","nrg_bal_sd","TJ","EU27_2020",205.1532,288.8892,301.4496,347.5044,175.8456,100.4832,133.9776,339.1308
"Refinery, direct carry over and other","Energy industry (consumption and losses)","Processing","Outflows","Heat","Heat","#a6d854","nrg_bal_sd","TJ","EU27_2020",233133.5844,233585.7588,223675.6032,208121.6412,212153.5296,220891.3812,203842.7316,250065.0036
"Refinery, direct carry over and other","Exports","Processing","Backflows","Heat","Heat","#a6d854","nrg_bal_sd","TJ","EU27_2020",209.34,213.5268,226.0872,213.5268,242.8344,339.1308,334.944,372.6252
"Domestic Input","Material industry","Availability","Processing","Heat","Heat","#a6d854","nrg_bal_sd","TJ","EU27_2020",659295.396,666961.4268,650737.5768,657922.1256,694920.8772,701004.2976,673183.0116,658303.1244
"Electricity and heat generation","Residential housing and other energy","Processing","Services","Heat","Heat","#a6d854","nrg_bal_sd","TJ","EU27_2020",1328316.7284,1311912.846,1251304.7292,1219317.5772,1341902.8944,1335869.7156,1313424.2808,1502412.246
"Imports","Domestic Input","Sourcing","Availability","Heat","Heat","#a6d854","nrg_bal_sd","TJ","EU27_2020",259.5816,242.8344,259.5816,242.8344,188.406,175.8456,167.472,192.5928
"Refinery, direct carry over and other","Energy industry (consumption and losses)","Processing","Outflows","Heat","Heat","#a6d854","nrg_bal_sd","TJ","EU27_2020",188016.6276,188150.6052,180103.5756,181020.4848,198747.396,200116.4796,224198.9532,206530.6572
"Domestic Extraction","Domestic Input","Sourcing","Availability","Heat","Heat","#a6d854","nrg_bal_sd","TJ","EU27_2020",47402.9496,45615.186,41788.4508,36395.8524,34444.8036,31576.8456,29035.458,29776.5216
"Domestic Input","Electricity and heat generation","Availability","Processing","Heat","Heat","#a6d854","nrg_bal_sd","TJ","EU27_2020",80600.0868,77690.2608,74977.2144,70028.4168,68232.2796,63563.9976,56714.3928,57936.9384
"Domestic Extraction","Domestic Input","Sourcing","Availability","Nuclear","Nuclear","#e78ac3","nrg_bal_sd","TJ","EU27_2020",8160027.1452,8250206.6304,8531932.2156,8748992.6748,8646328.152,8724135.6432,9016102.1412,9195079.4676
"Domestic Input","Electricity and heat generation","Availability","Processing","Nuclear","Nuclear","#e78ac3","nrg_bal_sd","TJ","EU27_2020",8160027.1452,8250206.6304,8531932.2156,8748992.6748,8646328.152,8724135.6432,9016102.1412,9195079.4676
"Refinery, direct carry over and other","Energy industry (consumption and losses)","Processing","Outflows","Liquid fossil fuel","Fossil","#8da0cb","nrg_bal_sd","TJ","EU27_2020",1251.8532,979.7112,1055.0736,611.2728,988.0848,1971.9828,1507.248,2214.8172
"Refinery, direct carry over and other","Exports","Processing","Backflows","Liquid fossil fuel","Fossil","#8da0cb","nrg_bal_sd","TJ","EU27_2020",15084642.654,14814895.5036,14371542.6912,13045612.4388,12985033.6296,12899166.5484,11979674.0928,12074563.728
"Domestic Input","Material industry","Availability","Processing","Liquid fossil fuel","Fossil","#8da0cb","nrg_bal_sd","TJ","EU27_2020",953585.568,1009759.8636,1033632.9972,1001955.6684,1037522.5344,1136339.388,1204471.1844,1286804.6064
"Refinery, direct carry over and other","Consumables","Processing","Services","Liquid fossil fuel","Fossil","#8da0cb","nrg_bal_sd","TJ","EU27_2020",3275074.0584,3043908.27,3050192.6568,3148134.4692,3090034.2456,3216211.8372,3364684.1388,3485251.4184
"Refinery, direct carry over and other","Residential housing and other energy","Processing","Services","Liquid fossil fuel","Fossil","#8da0cb","nrg_bal_sd","TJ","EU27_2020",2524887.4212,2541220.128,2605424.706,2559281.9832,2840743.8,2801739.5712,2844080.6796,3138467.148
"Refinery, direct carry over and other","Transport","Processing","Services","Liquid fossil fuel","Fossil","#8da0cb","nrg_bal_sd","TJ","EU27_2020",10996734.87,10813951.7424,10547960.1516,10398650.49,10281876.4512,10379680.0992,10813110.1956,10905646.8492
"Domestic Input","Refinery, direct carry over and other","Availability","Processing","Liquid fossil fuel","Fossil","#8da0cb","nrg_bal_sd","TJ","EU27_2020",9906253.5024,9828249.2316,9530048.5884,8790751.818,9289943.982,8719463.1744,9020845.7856,8840784.078
"Imports","Domestic Input","Sourcing","Availability","Liquid fossil fuel","Fossil","#8da0cb","nrg_bal_sd","TJ","EU27_2020",36754987.7304,36142814.7684,35918762.3532,33739893.018,33932192.742,34313132.9268,34268790.528,35112141.8388
"Refinery, direct carry over and other","Transport","Processing","Services","Liquid fossil fuel","Fossil","#8da0cb","nrg_bal_sd","TJ","EU27_2020",1763819.2908,1739150.6652,1687539.9816,1667845.2744,1717860.7872,1820726.2764,1948344.1272,1956093.894
"Refinery, direct carry over and other","Energy industry (consumption and losses)","Processing","Outflows","Liquid fossil fuel","Fossil","#8da0cb","nrg_bal_sd","TJ","EU27_2020",1092432.4164,1139383.1916,1134426.0204,1064364.1092,1088501.0112,1163130.7212,1214364.5928,1280545.3404
"Domestic Extraction","Domestic Input","Sourcing","Availability","Liquid fossil fuel","Fossil","#8da0cb","nrg_bal_sd","TJ","EU27_2020",1092800.8548,1103623.7328,1226376.522,1264861.5876,1273545.0108,1309961.7972,1354350.2508,1419011.19
"Recovery","Domestic Input","Backflows","Availability","Liquid fossil fuel","Fossil","#8da0cb","nrg_bal_sd","TJ","EU27_2020",46046.4264,48483.144,45192.3192,53695.71,45795.2184,44974.6056,40427.7408,37275.0804
"Refinery, direct carry over and other","Stocks","Processing","Services","Liquid fossil fuel","Fossil","#8da0cb","nrg_bal_sd","TJ","EU27_2020",69492.5064,76283.496,528256.9296,52602.9552,164846.8764,61462.224,28750.7556,28658.646
"Stocks","Domestic Input","Services","Availability","Liquid fossil fuel","Fossil","#8da0cb","nrg_bal_sd","TJ","EU27_2020",409054.5468,162276.1812,22474.7424,85557.258,149707.4076,152005.9608,263818.6416,84904.1172
"Domestic Input","Refinery, direct carry over and other","Availability","Processing","Liquid fossil fuel","Fossil","#8da0cb","nrg_bal_sd","TJ","EU27_2020",1147.1832,1951.0488,9943.65,16437.3768,18551.7108,19397.4444,27992.9448,29763.9612
"Domestic Input","Refinery, direct carry over and other","Availability","Processing","Liquid fossil fuel","Fossil","#8da0cb","nrg_bal_sd","TJ","EU27_2020",16705.332,14879.8872,18719.1828,26134.0056,31660.5816,32121.1296,37961.7156,36115.3368
"Domestic Input","Electricity and heat generation","Availability","Processing","Liquid fossil fuel","Fossil","#8da0cb","nrg_bal_sd","TJ","EU27_2020",659228.4072,691265.8008,705442.3056,685165.6332,701326.6812,848048.9004,882694.6704,976931.1648
"Domestic Input","Refinery, direct carry over and other","Availability","Processing","Liquid fossil fuel","Fossil","#8da0cb","nrg_bal_sd","TJ","EU27_2020",29142820.1124,28431574.902,28432412.262,27192931.056,26823224.0556,27824476.3416,27699215.6592,28391804.4888
"Refinery, direct carry over and other","Energy industry (consumption and losses)","Processing","Outflows","Bioenergy solid","Biomass","#66c2a5","nrg_bal_sd","TJ","EU27_2020",16.7472,8.3736,62.802,12.5604,8.3736,16.7472,8.3736,133.9776
"Refinery, direct carry over and other","Exports","Processing","Backflows","Bioenergy solid","Biomass","#66c2a5","nrg_bal_sd","TJ","EU27_2020",183448.8288,184683.9348,182845.9296,173496.8052,156799.8468,137159.568,121413.0132,109187.5572
"Domestic Input","Material industry","Availability","Processing","Bioenergy solid","Biomass","#66c2a5","nrg_bal_sd","TJ","EU27_2020",857155.1904,852503.6556,820043.3952,788747.0652,779473.3032,767582.7912,790300.368,791535.474
"Refinery, direct carry over and other","Residential housing and other energy","Processing","Services","Bioenergy solid","Biomass","#66c2a5","nrg_bal_sd","TJ","EU27_2020",1887995.592,1865428.74,1887761.1312,1813838.9904,2053822.1796,2021730.3576,1798071.5016,2008659.168
"Refinery, direct carry over and other","Transport","Processing","Services","Bioenergy solid","Biomass","#66c2a5","nrg_bal_sd","TJ","EU27_2020",4.1868,8.3736,4.1868,12.5604,12.5604,0,0,0
"Domestic Input","Refinery, direct carry over and other","Availability","Processing","Bioenergy solid","Biomass","#66c2a5","nrg_bal_sd","TJ","EU27_2020",2929738.4208,2904052.4028,2895004.728,2791578.2076,3003438.6612,2940892.056,2729630.3148,2921800.248
"Refinery, direct carry over and other","Energy industry (consumption and losses)","Processing","Outflows","Bioenergy solid","Biomass","#66c2a5","nrg_bal_sd","TJ","EU27_2020",1113.6888,950.4036,1687.2804,12363.6204,12196.1484,11195.5032,12049.6104,11756.5344
"Domestic Input","Electricity and heat generation","Availability","Processing","Bioenergy solid","Biomass","#66c2a5","nrg_bal_sd","TJ","EU27_2020",1117683.0072,1088475.8904,1063535.1228,1045787.2776,1039942.5048,1024995.6288,909758.1456,917411.616
"Refinery, direct carry over and other","Exports","Processing","Backflows","Bioenergy liquid","Biomass","#66c2a5","nrg_bal_sd","TJ","EU27_2020",308747.1924,279364.23,252794.7972,272384.8344,210780.2592,163825.2972,150473.592,131009.1588
"Domestic Input","Material industry","Availability","Processing","Bioenergy liquid","Biomass","#66c2a5","nrg_bal_sd","TJ","EU27_2020",9499.8492,7841.8764,5220.9396,5082.7752,3793.2408,3449.9232,3621.582,5070.2148
"Refinery, direct carry over and other","Residential housing and other energy","Processing","Services","Bioenergy liquid","Biomass","#66c2a5","nrg_bal_sd","TJ","EU27_2020",22215.1608,18342.3708,13435.4412,13083.75,12078.918,11990.9952,11337.8544,14159.7576
"Refinery, direct carry over and other","Transport","Processing","Services","Bioenergy liquid","Biomass","#66c2a5","nrg_bal_sd","TJ","EU27_2020",573080.8104,525753.2232,539398.0044,538979.3244,499518.7344,562128.1416,528282.0504,501695.8704
"Domestic Input","Refinery, direct carry over and other","Availability","Processing","Bioenergy liquid","Biomass","#66c2a5","nrg_bal_sd","TJ","EU27_2020",360257.3928,313762.9788,284761.0152,304589.7,235896.8724,190055.5992,189322.9092,178420.482
"Refinery, direct carry over and other","Energy industry (consumption and losses)","Processing","Outflows","Bioenergy liquid","Biomass","#66c2a5","nrg_bal_sd","TJ","EU27_2020",1892.4336,2256.6852,1574.2368,1624.4784,1457.0064,661.5144,548.4708,695.0088
"Domestic Input","Electricity and heat generation","Availability","Processing","Bioenergy liquid","Biomass","#66c2a5","nrg_bal_sd","TJ","EU27_2020",42290.8668,44874.1224,46578.15,42198.7572,39690.864,33393.9168,30320.8056,46720.5012
"Refinery, direct carry over and other","Energy industry (consumption and losses)","Processing","Outflows","Bioenergy gaseos","Biomass","#66c2a5","nrg_bal_sd","TJ","EU27_2020",3529.4724,3655.0764,3851.856,3948.1524,4216.1076,4438.008,4697.5896,4957.1712
"Domestic Input","Material industry","Availability","Processing","Bioenergy gaseos","Biomass","#66c2a5","nrg_bal_sd","TJ","EU27_2020",16156.8612,13946.2308,12995.8272,13121.4312,12145.9068,9487.2888,14218.3728,12866.0364
"Refinery, direct carry over and other","Residential housing and other energy","Processing","Services","Bioenergy gaseos","Biomass","#66c2a5","nrg_bal_sd","TJ","EU27_2020",86398.8048,84912.4908,76798.4724,72280.9152,66063.5172,58468.662,48537.5724,43647.39
"Refinery, direct carry over and other","Transport","Processing","Services","Bioenergy gaseos","Biomass","#66c2a5","nrg_bal_sd","TJ","EU27_2020",6280.2,5530.7628,5329.7964,5145.5772,4881.8088,4115.6244,2960.0676,1159.7436
"Domestic Input","Refinery, direct carry over and other","Availability","Processing","Bioenergy gaseos","Biomass","#66c2a5","nrg_bal_sd","TJ","EU27_2020",135321.5628,130623.9732,121040.388,117376.938,112047.1416,96966.288,86444.8596,75701.5308
"Refinery, direct carry over and other","Energy industry (consumption and losses)","Processing","Outflows","Bioenergy gaseos","Biomass","#66c2a5","nrg_bal_sd","TJ","EU27_2020",22952.0376,22579.4124,22064.436,22876.6752,24743.988,20460.8916,16031.2572,13071.1896
"Domestic Input","Electricity and heat generation","Availability","Processing","Bioenergy gaseos","Biomass","#66c2a5","nrg_bal_sd","TJ","EU27_2020",435866.814,431721.882,426186.9324,410867.4312,383971.428,333281.8404,276018.9768,216867.8664
"Domestic Extraction","Domestic Input","Sourcing","Availability","Hydropower","Renewables","#e78ac3","nrg_bal_sd","TJ","EU27_2020",1059645.5856,1244128.554,1209558.1464,1332181.1448,1324854.2448,1194025.1184,1106734.5252,1344008.8548
"Domestic Input","Electricity and heat generation","Availability","Processing","Hydropower","Renewables","#e78ac3","nrg_bal_sd","TJ","EU27_2020",1059645.5856,1244128.554,1209558.1464,1332181.1448,1324854.2448,1194025.1184,1106734.5252,1344008.8548
"Domestic Input","Material industry","Availability","Processing","Geothermal","Renewables","#a6d854","nrg_bal_sd","TJ","EU27_2020",209.34,293.076,150.7248,142.3512,163.2852,171.6588,230.274,272.142
"Refinery, direct carry over and other","Residential housing and other energy","Processing","Services","Geothermal","Renewables","#a6d854","nrg_bal_sd","TJ","EU27_2020",21582.954,20075.706,18673.128,18539.1504,19577.4768,18727.5564,18271.1952,17308.2312
"Domestic Input","Refinery, direct carry over and other","Availability","Processing","Geothermal","Renewables","#a6d854","nrg_bal_sd","TJ","EU27_2020",21804.8544,20381.3424,18836.4132,18694.062,19782.63,18978.7644,18581.0184,17643.1752
"Refinery, direct carry over and other","Energy industry (consumption and losses)","Processing","Outflows","Geothermal","Renewables","#a6d854","nrg_bal_sd","TJ","EU27_2020",12.5604,12.5604,12.5604,12.5604,20.934,16.7472,16.7472,62.802
"Domestic Extraction","Domestic Input","Sourcing","Availability","Geothermal","Renewables","#a6d854","nrg_bal_sd","TJ","EU27_2020",283517.5356,280381.6224,272234.1096,259146.1728,249110.4132,239062.0932,242382.2256,229989.2976
"Domestic Input","Electricity and heat generation","Availability","Processing","Geothermal","Renewables","#a6d854","nrg_bal_sd","TJ","EU27_2020",261712.6812,260000.28,253397.6964,240447.924,229327.7832,220083.3288,223801.2072,212346.1224
"Domestic Extraction","Domestic Input","Sourcing","Availability","Windpower","Renewables","#e78ac3","nrg_bal_sd","TJ","EU27_2020",1124319.0852,960523.0956,947535.642,800482.6656,754109.6688,674857.7316,595249.9164,503433.3924
"Domestic Input","Electricity and heat generation","Availability","Processing","Windpower","Renewables","#e78ac3","nrg_bal_sd","TJ","EU27_2020",1124319.0852,960523.0956,947535.642,800482.6656,754109.6688,674857.7316,595249.9164,503433.3924
"Domestic Input","Material industry","Availability","Processing","Solar thermal","Renewables","#a6d854","nrg_bal_sd","TJ","EU27_2020",678.2616,640.5804,611.2728,581.9652,531.7236,485.6688,439.614,418.68
"Refinery, direct carry over and other","Residential housing and other energy","Processing","Services","Solar thermal","Renewables","#a6d854","nrg_bal_sd","TJ","EU27_2020",90878.6808,88257.744,86114.1024,81571.4244,76681.242,73256.4396,69136.6284,62106.9912
"Domestic Input","Refinery, direct carry over and other","Availability","Processing","Solar thermal","Renewables","#a6d854","nrg_bal_sd","TJ","EU27_2020",92532.4668,89852.9148,87654.8448,83053.5516,78092.1936,74596.2156,70426.1628,62726.6376
"Refinery, direct carry over and other","Energy industry (consumption and losses)","Processing","Outflows","Solar thermal","Renewables","#a6d854","nrg_bal_sd","TJ","EU27_2020",4.1868,4.1868,4.1868,4.1868,4.1868,4.1868,4.1868,4.1868
"Domestic Extraction","Domestic Input","Sourcing","Availability","Solar thermal","Renewables","#a6d854","nrg_bal_sd","TJ","EU27_2020",191102.2992,183088.764,180685.5408,173576.3544,157101.2964,137130.2604,92000.7432,75454.5096
"Domestic Input","Electricity and heat generation","Availability","Processing","Solar thermal","Renewables","#a6d854","nrg_bal_sd","TJ","EU27_2020",98574.0192,93231.6624,93034.8828,90522.8028,79009.1028,62534.0448,21574.5804,12727.872
"Domestic Extraction","Domestic Input","Sourcing","Availability","Solar power","Renewables","#e78ac3","nrg_bal_sd","TJ","EU27_2020",367374.9528,343639.9836,342953.3484,319369.104,285606.7488,239045.346,163184.7168,80868.042
"Domestic Input","Electricity and heat generation","Availability","Processing","Solar power","Renewables","#e78ac3","nrg_bal_sd","TJ","EU27_2020",367374.9528,343639.9836,342953.3484,319369.104,285606.7488,239045.346,163184.7168,80868.042
"Refinery, direct carry over and other","Exports","Processing","Backflows","Other renewable energy","Renewables","#e78ac3","nrg_bal_sd","TJ","EU27_2020",2332.0476,1821.258,2733.9804,2646.0576,2859.5844,3525.2856,2566.5084,2340.4212
"Domestic Input","Material industry","Availability","Processing","Other renewable energy","Renewables","#e78ac3","nrg_bal_sd","TJ","EU27_2020",355.878,347.5044,347.5044,347.5044,347.5044,309.8232,309.8232,309.8232
"Refinery, direct carry over and other","Residential housing and other energy","Processing","Services","Other renewable energy","Renewables","#e78ac3","nrg_bal_sd","TJ","EU27_2020",15646.0716,14838.0192,16387.1352,15721.434,15583.2696,16470.8712,14381.658,14172.318
"Domestic Input","Refinery, direct carry over and other","Availability","Processing","Other renewable energy","Renewables","#e78ac3","nrg_bal_sd","TJ","EU27_2020",15407.424,14063.4612,15960.0816,15152.0292,15013.8648,16374.5748,13586.166,13175.8596
"Imports","Domestic Input","Sourcing","Availability","Other renewable energy","Renewables","#e78ac3","nrg_bal_sd","TJ","EU27_2020",15386.49,14063.4612,15960.0816,15152.0292,15013.8648,16374.5748,13586.166,13142.3652
"Domestic Extraction","Domestic Input","Sourcing","Availability","Other renewable energy","Renewables","#e78ac3","nrg_bal_sd","TJ","EU27_2020",1879.8732,1800.324,1754.2692,1729.1484,1490.5008,1649.5992,1716.588,1716.588
"Domestic Input","Electricity and heat generation","Availability","Processing","Other renewable energy","Renewables","#e78ac3","nrg_bal_sd","TJ","EU27_2020",1879.8732,1800.324,1754.2692,1729.1484,1490.5008,1649.5992,1716.588,1716.588
"Domestic Input","Material industry","Availability","Processing","Renewable heat","Renewables","#a6d854","nrg_bal_sd","TJ","EU27_2020",10379.0772,9349.1244,8348.4792,7511.1192,2256.6852,2068.2792,1900.8072,1712.4012
"Electricity and heat generation","Residential housing and other energy","Processing","Services","Renewable heat","Renewables","#a6d854","nrg_bal_sd","TJ","EU27_2020",432232.6716,267222.51,234063.054,211839.5196,180317.1024,160421.4288,139721.8896,97778.5272
"Domestic Input","Refinery, direct carry over and other","Availability","Processing","Renewable heat","Renewables","#a6d854","nrg_bal_sd","TJ","EU27_2020",442611.7488,276571.6344,242411.5332,219350.6388,182577.9744,162489.708,141622.6968,99486.7416
"Domestic Extraction","Domestic Input","Sourcing","Availability","Renewable heat","Renewables","#a6d854","nrg_bal_sd","TJ","EU27_2020",454297.1076,289194.8364,256282.4016,232195.7412,194510.3544,177842.7036,155522.8728,99583.038
"Domestic Input","Electricity and heat generation","Availability","Processing","Renewable heat","Renewables","#a6d854","nrg_bal_sd","TJ","EU27_2020",7929.7992,8377.7868,9583.5852,9491.4756,7238.9772,9730.1232,8591.3136,96.2964
"Refinery, direct carry over and other","Energy industry (consumption and losses)","Processing","Outflows","Solid fossil fuel","Fossil","#8da0cb","nrg_bal_sd","TJ","EU27_2020",1159.7436,1469.5668,2018.0376,2064.0924,1637.0388,1528.182,1729.1484,2147.8284
"Refinery, direct carry over and other","Exports","Processing","Backflows","Solid fossil fuel","Fossil","#8da0cb","nrg_bal_sd","TJ","EU27_2020",607676.3388,702092.8656,713250.6876,781286.1876,805414.716,749617.2324,729047.484,850962.9132
"Domestic Input","Material industry","Availability","Processing","Solid fossil fuel","Fossil","#8da0cb","nrg_bal_sd","TJ","EU27_2020",558874.998,550476.2772,550643.7492,537095.2644,550673.0568,583359.4044,629192.304,564682.0896
"Refinery, direct carry over and other","Consumables","Processing","Services","Solid fossil fuel","Fossil","#8da0cb","nrg_bal_sd","TJ","EU27_2020",73084.7808,75203.3016,72682.848,72628.4196,72360.4644,68617.4652,69898.626,58636.134
"Refinery, direct carry over and other","Residential housing and other energy","Processing","Services","Solid fossil fuel","Fossil","#8da0cb","nrg_bal_sd","TJ","EU27_2020",460673.604,461979.8856,452798.2332,457114.824,509989.9212,526946.4612,524585.106,601802.2584
"Refinery, direct carry over and other","Transport","Processing","Services","Solid fossil fuel","Fossil","#8da0cb","nrg_bal_sd","TJ","EU27_2020",58.6152,50.2416,50.2416,50.2416,20.934,20.934,20.934,20.934
"Domestic Input","Refinery, direct carry over and other","Availability","Processing","Solid fossil fuel","Fossil","#8da0cb","nrg_bal_sd","TJ","EU27_2020",1181808.036,1300667.1012,1292385.6108,1336849.4268,1428255.6444,1656260.3988,1594145.034,1741746.4812
"Imports","Domestic Input","Sourcing","Availability","Solid fossil fuel","Fossil","#8da0cb","nrg_bal_sd","TJ","EU27_2020",4570913.7792,4568569.1712,4732344.2268,4826455.1172,4810796.4852,4904668.728,4973173.1496,4777297.8984
"Refinery, direct carry over and other","Energy industry (consumption and losses)","Processing","Outflows","Solid fossil fuel","Fossil","#8da0cb","nrg_bal_sd","TJ","EU27_2020",28327.8888,28570.7232,30333.366,32778.4572,34507.6056,50840.3124,47612.2896,46151.0964
"Domestic Extraction","Domestic Input","Sourcing","Availability","Solid fossil fuel","Fossil","#8da0cb","nrg_bal_sd","TJ","EU27_2020",5395051.8648,5455471.5756,5872560.5916,5992725.9384,6244758.738,6583173.5952,6568364.8836,6459729.984
"Recovery","Domestic Input","Backflows","Availability","Solid fossil fuel","Fossil","#8da0cb","nrg_bal_sd","TJ","EU27_2020",20058.9588,18572.6448,20846.0772,35114.6916,28373.9436,29554.6212,29625.7968,27410.9796
"Refinery, direct carry over and other","Stocks","Processing","Services","Solid fossil fuel","Fossil","#8da0cb","nrg_bal_sd","TJ","EU27_2020",6753.3084,2332.0476,17295.6708,48554.3196,19506.3012,243269.8272,82232.9388,147425.6016
"Stocks","Domestic Input","Services","Availability","Solid fossil fuel","Fossil","#8da0cb","nrg_bal_sd","TJ","EU27_2020",75073.5108,356476.7124,181514.5272,28336.2624,292498.2216,199228.878,56634.8436,323459.6076
"Domestic Input","Refinery, direct carry over and other","Availability","Processing","Solid fossil fuel","Fossil","#8da0cb","nrg_bal_sd","TJ","EU27_2020",1279565.6292,1249475.0976,1242504.0756,1268231.9616,1229642.226,1240544.6532,1256889.9204,1288755.6552
"Domestic Input","Refinery, direct carry over and other","Availability","Processing","Solid fossil fuel","Fossil","#8da0cb","nrg_bal_sd","TJ","EU27_2020",159395.6628,164080.692,176862.9924,178855.9092,172789.236,165592.1268,163959.2748,153136.3968
"Domestic Input","Refinery, direct carry over and other","Availability","Processing","Solid fossil fuel","Fossil","#8da0cb","nrg_bal_sd","TJ","EU27_2020",1451751.966,1456587.72,1442348.4132,1440347.1228,1447481.43,1497174.5592,1548714.0672,1564749.5112
"Domestic Input","Electricity and heat generation","Availability","Processing","Solid fossil fuel","Fossil","#8da0cb","nrg_bal_sd","TJ","EU27_2020",6584718.5244,6784525.1808,7253471.9016,7238190.0816,7648529.976,7866159.84,7660830.7944,7457456.9844
"Domestic Input","Refinery, direct carry over and other","Availability","Processing","Solid fossil fuel","Fossil","#8da0cb","nrg_bal_sd","TJ","EU27_2020",29420.6436,35926.9308,32799.3912,35851.5684,32443.5132,37007.1252,37773.3096,37526.2884
"Refinery, direct carry over and other","Exports","Processing","Backflows","Other fossil fuel","Fossil","#8da0cb","nrg_bal_sd","TJ","EU27_2020",1528.182,1209.9852,1184.8644,1209.9852,1913.3676,1163.9304,1067.634,0
"Domestic Input","Material industry","Availability","Processing","Other fossil fuel","Fossil","#8da0cb","nrg_bal_sd","TJ","EU27_2020",166203.3996,166048.488,147283.2504,144327.3696,136242.6588,123690.6324,125750.538,104686.7472
"Refinery, direct carry over and other","Residential housing and other energy","Processing","Services","Other fossil fuel","Fossil","#8da0cb","nrg_bal_sd","TJ","EU27_2020",8712.7308,7908.8652,7808.382,8729.478,8754.5988,6644.4516,6790.9896,10655.406
"Domestic Input","Refinery, direct carry over and other","Availability","Processing","Other fossil fuel","Fossil","#8da0cb","nrg_bal_sd","TJ","EU27_2020",178520.9652,177876.198,159169.5756,157344.1308,149669.7264,133923.1716,136623.6576,118306.4076
"Imports","Domestic Input","Sourcing","Availability","Other fossil fuel","Fossil","#8da0cb","nrg_bal_sd","TJ","EU27_2020",20728.8468,19598.4108,17739.4716,15348.8088,14461.2072,10132.056,7578.108,2160.3888
"Refinery, direct carry over and other","Energy industry (consumption and losses)","Processing","Outflows","Other fossil fuel","Fossil","#8da0cb","nrg_bal_sd","TJ","EU27_2020",1934.3016,2646.0576,2897.2656,3073.1112,2600.0028,2302.74,2867.958,2884.7052
"Domestic Extraction","Domestic Input","Sourcing","Availability","Other fossil fuel","Fossil","#8da0cb","nrg_bal_sd","TJ","EU27_2020",556773.2244,554566.7808,513402.1632,508913.9136,487293.2784,471010.8132,468515.4804,444935.4228
"Domestic Input","Electricity and heat generation","Availability","Processing","Other fossil fuel","Fossil","#8da0cb","nrg_bal_sd","TJ","EU27_2020",399006.2268,396343.422,372022.3008,367153.0524,352218.7368,347286.6864,339503.4252,328810.338
"Refinery, direct carry over and other","Exports","Processing","Backflows","Municipal waste","Renewables","#a6d854","nrg_bal_sd","TJ","EU27_2020",1724.9616,1419.3252,1444.446,1419.3252,1448.6328,1477.9404,1256.04,0
"Domestic Input","Material industry","Availability","Processing","Municipal waste","Renewables","#a6d854","nrg_bal_sd","TJ","EU27_2020",28943.3484,23986.1772,23240.9268,21294.0648,21306.6252,13942.044,12020.3028,6489.54
"Refinery, direct carry over and other","Residential housing and other energy","Processing","Services","Municipal waste","Renewables","#a6d854","nrg_bal_sd","TJ","EU27_2020",6795.1764,5978.7504,5304.6756,6510.474,7280.8452,6518.8476,6757.4952,10508.868
"Domestic Input","Refinery, direct carry over and other","Availability","Processing","Municipal waste","Renewables","#a6d854","nrg_bal_sd","TJ","EU27_2020",37798.4304,31727.5704,30735.2988,29596.4892,30228.696,22106.304,20038.0248,17551.0656
"Imports","Domestic Input","Sourcing","Availability","Municipal waste","Renewables","#a6d854","nrg_bal_sd","TJ","EU27_2020",19351.3896,18514.0296,15981.0156,14218.3728,13431.2544,9097.9164,4345.8984,1473.7536
"Domestic Extraction","Domestic Input","Sourcing","Availability","Municipal waste","Renewables","#a6d854","nrg_bal_sd","TJ","EU27_2020",380621.988,369020.3652,362317.2984,358210.0476,348077.9916,328098.582,314968.7772,308717.8848
"Domestic Input","Electricity and heat generation","Availability","Processing","Municipal waste","Renewables","#a6d854","nrg_bal_sd","TJ","EU27_2020",362212.6284,355811.0112,347571.3888,342836.118,331280.55,315090.1944,299276.6508,292640.5728
"Domestic Extraction","Domestic Input","Sourcing","Availability","Agriculture biomass","Biomass","#66c2a5","biomass flows dataset","kt","EU27_2020",531119.371066,531119.371066,531119.371066,569340.183961,508180.024967,484899.713682,513537.185985,480536.460813
"Domestic Extraction","Domestic Input","Sourcing","Availability","Agriculture biomass","Biomass","#66c2a5","biomass flows dataset","kt","EU27_2020",109075.7476878,109075.7476878,109075.7476878,112176.8125034,107408.9406711,98342.1518801,101179.52451835,97176.98707175
"Domestic Input","Losses","Availability","Outflows","Agriculture biomass","Biomass","#66c2a5","biomass flows dataset","kt","EU27_2020",87260.59815024,87260.59815024,87260.59815024,89741.45000272,85927.15253688,78673.72150408,80943.61961468,77741.5896573999
"Food industry","Animal-based food","Processing","Services","Agriculture biomass","Biomass","#66c2a5","biomass flows dataset","kt","EU27_2020",30644.9623319008,30644.9623319008,30644.9623319008,30348.2113876863,30199.4533708033,30091.8476785599,30221.4546882327,30195.887170178
"Food industry","Plant-based food","Processing","Services","Agriculture biomass","Biomass","#66c2a5","biomass flows dataset","kt","EU27_2020",105483.560225748,105483.560225748,105483.560225748,105041.348024901,105882.787944503,105236.118221706,105473.537097936,104854.002159378
"Domestic Input","Losses","Availability","Outflows","Agriculture biomass","Biomass","#66c2a5","biomass flows dataset","kt","EU27_2020",112453.173685093,112453.173685093,112453.173685093,178106.422658621,107062.348167586,109975.720281944,132751.044194281,101177.235578985
"Domestic Input","Food industry","Availability","Processing","Agriculture biomass","Biomass","#66c2a5","biomass flows dataset","kt","EU27_2020",1e-07,1e-07,1e-07,1e-07,184.213249,196.139933,740.12077549564,186.313017
"Domestic Extraction","Domestic Input","Sourcing","Availability","Agriculture biomass","Biomass","#66c2a5","biomass flows dataset","kt","EU27_2020",116060.094,116060.094,116060.094,115816.986,118644.282,117674.262,120513.798,121761.72
"Domestic Input","Refinery, direct carry over and other","Availability","Processing","Agriculture biomass","Biomass","#66c2a5","biomass flows dataset","kt","EU27_2020",955.318545,955.318545,955.318545,966.556256,389.696433,526.096744,619.574479,734.450976
"Refinery, direct carry over and other","Exports","Processing","Backflows","Agriculture biomass","Biomass","#66c2a5","biomass flows dataset","kt","EU27_2020",0,0,0,0,0,0,0,0
"Domestic Input","Food industry","Availability","Processing","Agriculture biomass","Biomass","#66c2a5","biomass flows dataset","kt","EU27_2020",573524.023828248,573524.023828248,573524.023828248,566864.175350399,564122.409383756,562347.669333866,563436.757838767,556871.044612836
"Food industry","Losses","Processing","Outflows","Agriculture biomass","Biomass","#66c2a5","biomass flows dataset","kt","EU27_2020",437402.500126135,437402.500126135,437402.500126135,431474.380293664,428224.38131735,427023.735337531,428291.717897497,421815.647753804
"Animal-based food","Exports","Services","Backflows","Agriculture biomass","Biomass","#66c2a5","biomass flows dataset","kt","EU27_2020",17403.7190861945,17403.7190861945,17403.7190861945,15494.6262716656,14314.2262940867,14780.5193016319,14270.1843364333,8146.19120313506
"Plant-based food","Exports","Services","Backflows","Agriculture biomass","Biomass","#66c2a5","biomass flows dataset","kt","EU27_2020",0,0,0,0,0,0,0,0
"Domestic Input","Exports","Availability","Backflows","Agriculture biomass","Biomass","#66c2a5","biomass flows dataset","kt","EU27_2020",4911.87765604064,4911.87765604064,4911.87765604064,0,0,0,0,0
"Imports","Domestic Input","Sourcing","Availability","Fisheries biomass","Biomass","#66c2a5","biomass flows dataset","kt","EU27_2020",2e-07,2e-07,2e-07,2e-07,2e-07,2e-07,1709.5142645,2e-07
"Domestic Extraction","Domestic Input","Sourcing","Availability","Fisheries biomass","Biomass","#66c2a5","biomass flows dataset","kt","EU27_2020",1e-07,1e-07,1e-07,1366.710625,1251.575555,1170.0552975,1288.1944025,1365.40075
"Domestic Extraction","Domestic Input","Sourcing","Availability","Fisheries biomass","Biomass","#66c2a5","biomass flows dataset","kt","EU27_2020",1e-07,1e-07,1e-07,321.09331,305.8017725,310.1911125,314.2885575,321.0808525
"Domestic Input","Food industry","Availability","Processing","Fisheries biomass","Biomass","#66c2a5","biomass flows dataset","kt","EU27_2020",3e-07,3e-07,3e-07,3e-07,184.2132492,388.24796216856,930.289706093,378.13356357613
"Domestic Input","Food industry","Availability","Processing","Fisheries biomass","Biomass","#66c2a5","biomass flows dataset","kt","EU27_2020",1770.71947180535,1770.71947180535,1770.71947180535,1783.4498884093,1808.93162755935,1783.98351395777,2915.7905,2914.2205
"Domestic Input","Exports","Availability","Backflows","Fisheries biomass","Biomass","#66c2a5","biomass flows dataset","kt","EU27_2020",1e-07,1e-07,1e-07,1e-07,1e-07,1e-07,0,1e-07
"Food industry","Exports","Processing","Backflows","Fisheries biomass","Biomass","#66c2a5","biomass flows dataset","kt","EU27_2020",1e-07,1e-07,1e-07,1e-07,1e-07,1e-07,0,1e-07
"Food industry","Animal-based food","Processing","Services","Fisheries biomass","Biomass","#66c2a5","biomass flows dataset","kt","EU27_2020",1e-07,1e-07,1e-07,1e-07,1e-07,192.10802906856,190.16893059736,191.82054647613
"Domestic Extraction","Domestic Input","Sourcing","Availability","Fisheries biomass","Biomass","#66c2a5","biomass flows dataset","kt","EU27_2020",1770.71947180535,1770.71947180535,1770.71947180535,95.6459536092959,435.767549159352,691.985066026334,534.082981593001,1605.87246097613
"Domestic Extraction","Domestic Input","Sourcing","Availability","Forestry biomass","Biomass","#66c2a5","biomass flows dataset","kt","EU27_2020",16888.505005245,16888.505005245,16888.505005245,16780.6681725997,16384.295431585,15736.4145741362,15342.3958649202,14683.0492963704
"Domestic Extraction","Domestic Input","Sourcing","Availability","Forestry biomass","Biomass","#66c2a5","biomass flows dataset","kt","EU27_2020",90588.3600394166,90588.3600394166,90588.3600394166,89525.6463466912,87305.3588620058,85627.5195215215,86142.684836372,84703.8152264457
"Domestic Extraction","Domestic Input","Sourcing","Availability","Forestry biomass","Biomass","#66c2a5","biomass flows dataset","kt","EU27_2020",240513.236245298,240513.236245298,240513.236245298,237532.067307994,229898.016545977,226662.528202978,227250.992401776,224112.061591693
"Imports","Domestic Input","Sourcing","Availability","Forestry biomass","Biomass","#66c2a5","biomass flows dataset","kt","EU27_2020",10073.4875646,10073.4875646,10073.4875646,9684.73540152,8774.33855748,8811.55173132,6212.3265788,7874.4523528
"Imports","Domestic Input","Sourcing","Availability","Forestry biomass","Biomass","#66c2a5","biomass flows dataset","kt","EU27_2020",8201.49838636364,8201.49838636364,8201.49838636364,7692.72218181818,7571.36425,6475.65522727273,5831.89097727273,6868.53286363636
"Domestic Input","Exports","Availability","Backflows","Forestry biomass","Biomass","#66c2a5","biomass flows dataset","kt","EU27_2020",0,0,0,0,0,0,0,0
"Domestic Input","Exports","Availability","Backflows","Forestry biomass","Biomass","#66c2a5","biomass flows dataset","kt","EU27_2020",0,0,0,0,0,0,0,0
"Forestry industry","Exports","Processing","Backflows","Forestry biomass","Biomass","#66c2a5","biomass flows dataset","kt","EU27_2020",0,0,0,0,0,0,0,0
"Forestry industry","Exports","Processing","Backflows","Forestry biomass","Biomass","#66c2a5","biomass flows dataset","kt","EU27_2020",9438.94276110001,9438.94276110001,9438.94276110001,9406.47839312,9724.16007504,9427.87015791,7475.9640427,6843.33418861
"Imports","Domestic Input","Sourcing","Availability","Forestry biomass","Biomass","#66c2a5","biomass flows dataset","kt","EU27_2020",5632.081812233,5632.081812233,5632.081812233,5010.2514554046,4952.736040317,4910.9843342898,5334.5588234408,6191.696150603
"Domestic Input","Forestry industry","Availability","Processing","Forestry biomass","Biomass","#66c2a5","biomass flows dataset","kt","EU27_2020",16870.7608343888,16870.7608343888,16870.7608343888,16875.3153343444,16897.1521523314,16785.354336076,16546.3846847146,16347.7281680036
"Domestic Input","Forestry industry","Availability","Processing","Forestry biomass","Biomass","#66c2a5","biomass flows dataset","kt","EU27_2020",55965.2522514817,55965.2522514817,55965.2522514817,56200.4593473896,56267.9104147378,55970.4104836336,55252.1545199753,54322.2303749948
"Imports","Domestic Input","Sourcing","Availability","Forestry biomass","Biomass","#66c2a5","biomass flows dataset","kt","EU27_2020",0,0,0,0,0,0,0,0
"Domestic Input","Forestry industry","Availability","Processing","Forestry biomass","Biomass","#66c2a5","biomass flows dataset","kt","EU27_2020",14463.379337976,14463.379337976,14463.379337976,13932.704840479,13565.860476767,13301.810751769,13426.743686513,13459.044964782
"Domestic Input","Forestry industry","Availability","Processing","Forestry biomass","Biomass","#66c2a5","biomass flows dataset","kt","EU27_2020",118924.338132005,118924.338132005,118924.338132005,116564.02583707,112349.16723301,110391.374967916,113808.321763142,112533.300648425
"Domestic Input","Forestry industry","Availability","Processing","Forestry biomass","Biomass","#66c2a5","biomass flows dataset","kt","EU27_2020",6723.503437522,6723.503437522,6723.503437522,6517.948490676,6382.577211782,6447.062680518,6946.349188484,7020.7640277
"Imports","Domestic Input","Sourcing","Availability","Agriculture biomass","Biomass","#66c2a5","biomass flows dataset","kt","EU27_2020",36252.9363108216,36252.9363108216,36252.9363108216,38344.6218034401,38316.9985288572,50607.0803018898,48453.0876233782,37049.1529405713
"Material industry","Consumables","Processing","Services","Metal Ores","Metal Ores","#fc8d62","env_wassd.tsv","kt","EU27_2020",95620,91429,94578,97728,96404,95081,92005,88929
"Material industry","Consumables","Processing","Services","Non-metallic Ores","Non-metallic Ores","#fc8d62","env_wassd.tsv","kt","EU27_2020",1387902,1369864,1389013,1408163,1426844,1445524,1411555,1377586
"Refinery, direct carry over and other","Consumables","Processing","Services","Agriculture biomass","Biomass","#66c2a5","biomass flows dataset","kt","EU27_2020",955.318545,955.318545,955.318545,966.556256,389.696433,526.096744,619.574479,734.450976
"Forestry industry","Stocks","Processing","Services","Forestry biomass","Biomass","#66c2a5","biomass flows dataset","kt","EU27_2020",16870.7608343888,16870.7608343888,16870.7608343888,16875.3153343444,16897.1521523314,16785.354336076,16546.3846847146,16347.7281680036
"Forestry industry","Stocks","Processing","Services","Forestry biomass","Biomass","#66c2a5","biomass flows dataset","kt","EU27_2020",55965.2522514817,55965.2522514817,55965.2522514817,56200.4593473896,56267.9104147378,55970.4104836336,55252.1545199753,54322.2303749948
"Forestry industry","Stocks","Processing","Services","Forestry biomass","Biomass","#66c2a5","biomass flows dataset","kt","EU27_2020",14463.379337976,14463.379337976,14463.379337976,13932.704840479,13565.860476767,13301.810751769,13426.743686513,13459.044964782
"Forestry industry","Stocks","Processing","Services","Forestry biomass","Biomass","#66c2a5","biomass flows dataset","kt","EU27_2020",118924.338132005,118924.338132005,118924.338132005,116564.02583707,112349.16723301,110391.374967916,113808.321763142,112533.300648425
"Forestry industry","Stocks","Processing","Services","Forestry biomass","Biomass","#66c2a5","biomass flows dataset","kt","EU27_2020",6723.503437522,6723.503437522,6723.503437522,6517.948490676,6382.577211782,6447.062680518,6946.349188484,7020.7640277
"Refinery, direct carry over and other","Energy industry (consumption and losses)","Processing","Outflows","Electricity","Electricity","#e78ac3","nrg_bal_sd","kt","EU27_2020",6.409823328e-05,6.479407944e-05,6.456338676e-05,6.29255106e-05,6.660235836e-05,6.59462868e-05,6.55715682e-05,6.674303484e-05
"Refinery, direct carry over and other","Exports","Processing","Backflows","Electricity","Electricity","#e78ac3","nrg_bal_sd","kt","EU27_2020",0.00013360664952,0.00013027605012,0.00014195303532,0.00013273579512,0.00012019758516,0.00012336071256,0.00011525339304,0.00010319080356
"Domestic Input","Material industry","Availability","Processing","Electricity","Electricity","#e78ac3","nrg_bal_sd","kt","EU27_2020",0.00033918439104,0.00033321778236,0.00032882038632,0.0003276087264,0.00032613539148,0.0003311214516,0.0003371295096,0.00033301555992
"Electricity and heat generation","Residential housing and other energy","Processing","Services","Electricity","Electricity","#e78ac3","nrg_bal_sd","kt","EU27_2020",0.00054208425528,0.0005395047678,0.00053293651596,0.0005197619124,0.00053913967884,0.00054239198508,0.00053307509904,0.000550365327
"Refinery, direct carry over and other","Transport","Processing","Services","Electricity","Electricity","#e78ac3","nrg_bal_sd","kt","EU27_2020",2.098298556e-05,2.066478876e-05,2.030891076e-05,2.002378968e-05,2.058063408e-05,2.053039248e-05,2.073387096e-05,2.022936156e-05
"Domestic Input","Refinery, direct carry over and other","Availability","Processing","Electricity","Electricity","#e78ac3","nrg_bal_sd","kt","EU27_2020",0.00011718601992,0.00011635619616,0.0001251706662,0.00011593793484,0.000104596731,0.00011120810688,0.000102492864,9.044241624e-05
"Imports","Domestic Input","Sourcing","Availability","Electricity","Electricity","#e78ac3","nrg_bal_sd","kt","EU27_2020",0.0001319595624,0.0001305088362,0.00013954981212,0.00013092709752,0.00011954235096,0.00012580329168,0.00011560131612,0.00010495428372
"Refinery, direct carry over and other","Energy industry (consumption and losses)","Processing","Outflows","Electricity","Electricity","#e78ac3","nrg_bal_sd","kt","EU27_2020",8.079393564e-05,8.001016668e-05,8.025341976e-05,7.943908716e-05,8.063609328e-05,8.31645018e-05,8.709506964e-05,9.075182076e-05
"Domestic Input","Electricity and heat generation","Availability","Processing","Electricity","Electricity","#e78ac3","nrg_bal_sd","kt","EU27_2020",1.477354248e-05,1.415264004e-05,1.437914592e-05,1.498958136e-05,1.494603864e-05,1.45951848e-05,1.310845212e-05,1.451186748e-05
"Refinery, direct carry over and other","Energy industry (consumption and losses)","Processing","Outflows","Gaseos fossil fuel","Fossil","#8da0cb","nrg_bal_sd","kt","EU27_2020",1853.747568,1938.572136,1916.800776,1841.522112,1939.995648,2144.813904,2164.910544,2481.432624
"Refinery, direct carry over and other","Exports","Processing","Backflows","Gaseos fossil fuel","Fossil","#8da0cb","nrg_bal_sd","kt","EU27_2020",72366.912072,66366.557784,71539.265448,68729.922648,72544.6836,65013.970176,61291.904976,62156.981592
"Domestic Input","Material industry","Availability","Processing","Gaseos fossil fuel","Fossil","#8da0cb","nrg_bal_sd","kt","EU27_2020",68248.440648,66685.173264,64930.15044,66755.511504,68634.463608,68006.946024,68408.376408,68979.790872
"Refinery, direct carry over and other","Consumables","Processing","Services","Gaseos fossil fuel","Fossil","#8da0cb","nrg_bal_sd","kt","EU27_2020",12431.697768,11372.437368,11479.284504,11989.906632,11466.724104,11699.17524,12023.23356,11439.091224
"Refinery, direct carry over and other","Residential housing and other energy","Processing","Services","Gaseos fossil fuel","Fossil","#8da0cb","nrg_bal_sd","kt","EU27_2020",101791.575,102192.586704,97680.723552,91139.267232,108688.323168,105797.421504,101033.7642,115561.625256
"Refinery, direct carry over and other","Transport","Processing","Services","Gaseos fossil fuel","Fossil","#8da0cb","nrg_bal_sd","kt","EU27_2020",2758.180104,2678.463432,2542.727376,2495.249064,2601.007632,2362.527504,2528.659728,2217.580488
"Domestic Input","Refinery, direct carry over and other","Availability","Processing","Gaseos fossil fuel","Fossil","#8da0cb","nrg_bal_sd","kt","EU27_2020",265708.060704,255412.133352,254494.721736,251792.309808,269727.556176,258363.408672,257230.041912,265500.814104
"Imports","Domestic Input","Sourcing","Availability","Gaseos fossil fuel","Fossil","#8da0cb","nrg_bal_sd","kt","EU27_2020",294569.347824,264976.040592,256225.963536,239459.085576,256253.428944,254816.770392,261280.18476,267993.886032
"Refinery, direct carry over and other","Energy industry (consumption and losses)","Processing","Outflows","Gaseos fossil fuel","Fossil","#8da0cb","nrg_bal_sd","kt","EU27_2020",14592.588984,13453.611912,13877.56728,12918.3714,13060.052712,12775.266576,12518.448264,12329.874792
"Domestic Extraction","Domestic Input","Sourcing","Availability","Gaseos fossil fuel","Fossil","#8da0cb","nrg_bal_sd","kt","EU27_2020",55776.465864,59817.816432,60607.028232,71901.256176,83285.08164,83237.100912,86142.070224,91694.018232
"Domestic Input","Refinery, direct carry over and other","Availability","Processing","Gaseos fossil fuel","Fossil","#8da0cb","nrg_bal_sd","kt","EU27_2020",27.465408,10.383264,27.884088,12.057984,7.452504,6.615144,23.44608,29.893752
"Domestic Input","Electricity and heat generation","Availability","Processing","Gaseos fossil fuel","Fossil","#8da0cb","nrg_bal_sd","kt","EU27_2020",89862.628176,81836.113896,72781.740216,67937.780088,76966.36308,87808.249152,97687.924848,106739.032824
"Domestic Input","Refinery, direct carry over and other","Availability","Processing","Gaseos fossil fuel","Fossil","#8da0cb","nrg_bal_sd","kt","EU27_2020",4.103064,5.777784,6.028992,6.950088,3.516912,2.009664,2.679552,6.782616
"Refinery, direct carry over and other","Energy industry (consumption and losses)","Processing","Outflows","Heat","Heat","#a6d854","nrg_bal_sd","kt","EU27_2020",2.331335844e-05,2.335857588e-05,2.236756032e-05,2.081216412e-05,2.121535296e-05,2.208913812e-05,2.038427316e-05,2.500650036e-05
"Refinery, direct carry over and other","Exports","Processing","Backflows","Heat","Heat","#a6d854","nrg_bal_sd","kt","EU27_2020",2.0934e-08,2.135268e-08,2.260872e-08,2.135268e-08,2.428344e-08,3.391308e-08,3.34944e-08,3.726252e-08
"Domestic Input","Material industry","Availability","Processing","Heat","Heat","#a6d854","nrg_bal_sd","kt","EU27_2020",6.59295396e-05,6.669614268e-05,6.507375768e-05,6.579221256e-05,6.949208772e-05,7.010042976e-05,6.731830116e-05,6.583031244e-05
"Electricity and heat generation","Residential housing and other energy","Processing","Services","Heat","Heat","#a6d854","nrg_bal_sd","kt","EU27_2020",0.00013283167284,0.0001311912846,0.00012513047292,0.00012193175772,0.00013419028944,0.00013358697156,0.00013134242808,0.0001502412246
"Imports","Domestic Input","Sourcing","Availability","Heat","Heat","#a6d854","nrg_bal_sd","kt","EU27_2020",2.595816e-08,2.428344e-08,2.595816e-08,2.428344e-08,1.88406e-08,1.758456e-08,1.67472e-08,1.925928e-08
"Refinery, direct carry over and other","Energy industry (consumption and losses)","Processing","Outflows","Heat","Heat","#a6d854","nrg_bal_sd","kt","EU27_2020",1.880166276e-05,1.881506052e-05,1.801035756e-05,1.810204848e-05,1.98747396e-05,2.001164796e-05,2.241989532e-05,2.065306572e-05
"Domestic Extraction","Domestic Input","Sourcing","Availability","Heat","Heat","#a6d854","nrg_bal_sd","kt","EU27_2020",4.74029496e-06,4.5615186e-06,4.17884508e-06,3.63958524e-06,3.44448036e-06,3.15768456e-06,2.9035458e-06,2.97765216e-06
"Domestic Input","Electricity and heat generation","Availability","Processing","Heat","Heat","#a6d854","nrg_bal_sd","kt","EU27_2020",8.06000868e-06,7.76902608e-06,7.49772144e-06,7.00284168e-06,6.82322796e-06,6.35639976e-06,5.67143928e-06,5.79369384e-06
"Domestic Extraction","Domestic Input","Sourcing","Availability","Nuclear","Nuclear","#e78ac3","nrg_bal_sd","kt","EU27_2020",0.00081600271452,0.00082502066304,0.00085319322156,0.00087489926748,0.0008646328152,0.00087241356432,0.00090161021412,0.00091950794676
"Domestic Input","Electricity and heat generation","Availability","Processing","Nuclear","Nuclear","#e78ac3","nrg_bal_sd","kt","EU27_2020",0.00081600271452,0.00082502066304,0.00085319322156,0.00087489926748,0.0008646328152,0.00087241356432,0.00090161021412,0.00091950794676
"Refinery, direct carry over and other","Energy industry (consumption and losses)","Processing","Outflows","Liquid fossil fuel","Fossil","#8da0cb","nrg_bal_sd","kt","EU27_2020",29.1807272727273,22.8370909090909,24.5937902097902,14.2487832167832,23.0322797202797,45.966965034965,35.133986013986,51.6274405594406
"Refinery, direct carry over and other","Exports","Processing","Backflows","Liquid fossil fuel","Fossil","#8da0cb","nrg_bal_sd","kt","EU27_2020",351623.371888112,345335.559524476,335000.995132867,304093.530041958,302681.436587413,300679.872923077,279246.48234965,281458.361958042
"Domestic Input","Material industry","Availability","Processing","Liquid fossil fuel","Fossil","#8da0cb","nrg_bal_sd","kt","EU27_2020",22228.1018181818,23537.525958042,24094.0092587413,23355.609986014,24184.6744615385,26488.0976223776,28076.2513846154,29995.4453706294
"Refinery, direct carry over and other","Consumables","Processing","Services","Liquid fossil fuel","Fossil","#8da0cb","nrg_bal_sd","kt","EU27_2020",76342.0526433567,70953.5727272727,71100.0619300699,73383.0878601399,72028.7702937063,74969.9728951049,78430.8657062937,81241.2918041958
"Refinery, direct carry over and other","Residential housing and other energy","Processing","Services","Liquid fossil fuel","Fossil","#8da0cb","nrg_bal_sd","kt","EU27_2020",58855.1846433567,59235.9004195804,60732.5106293706,59656.9226853147,66217.8041958042,65308.6147132867,66295.5869370629,73157.7423776224
"Refinery, direct carry over and other","Transport","Processing","Services","Liquid fossil fuel","Fossil","#8da0cb","nrg_bal_sd","kt","EU27_2020",256334.146153846,252073.467188811,245873.197006993,242392.785314685,239670.779748252,241950.585062937,252053.850713287,254210.882265734
"Domestic Input","Refinery, direct carry over and other","Availability","Processing","Liquid fossil fuel","Fossil","#8da0cb","nrg_bal_sd","kt","EU27_2020",230915.000055944,229096.718685315,222145.654741259,204912.62979021,216548.810769231,203250.889846154,210276.125538462,206078.882937063
"Imports","Domestic Input","Sourcing","Availability","Liquid fossil fuel","Fossil","#8da0cb","nrg_bal_sd","kt","EU27_2020",856759.620755245,842489.854741259,837267.18772028,786477.692727273,790960.203776224,799839.928363636,798806.306013986,818464.844727273
"Refinery, direct carry over and other","Transport","Processing","Services","Liquid fossil fuel","Fossil","#8da0cb","nrg_bal_sd","kt","EU27_2020",41114.6687832168,40539.6425454546,39336.5963076923,38877.5122237762,40043.374993007,42441.171944056,45415.947020979,45596.5942657343
"Refinery, direct carry over and other","Energy industry (consumption and losses)","Processing","Outflows","Liquid fossil fuel","Fossil","#8da0cb","nrg_bal_sd","kt","EU27_2020",25464.6250909091,26559.0487552448,26443.496979021,24810.3521958042,25372.9839440559,27112.6042237762,28306.866965035,29849.5417342657
"Domestic Extraction","Domestic Input","Sourcing","Availability","Liquid fossil fuel","Fossil","#8da0cb","nrg_bal_sd","kt","EU27_2020",25473.2133986014,25725.4949370629,28586.8653146853,29483.9530909091,29686.3638881119,30535.240027972,31569.9359160839,33077.1839160839
"Recovery","Domestic Input","Backflows","Availability","Liquid fossil fuel","Fossil","#8da0cb","nrg_bal_sd","kt","EU27_2020",1073.34327272727,1130.14321678322,1053.43401398601,1251.64825174825,1067.48760839161,1048.35910489511,942.37158041958,868.882993006993
"Refinery, direct carry over and other","Stocks","Processing","Services","Liquid fossil fuel","Fossil","#8da0cb","nrg_bal_sd","kt","EU27_2020",1619.87194405594,1778.17006993007,12313.6813426573,1226.17611188811,3842.58453146853,1432.68587412587,670.180783216783,668.033706293706
"Stocks","Domestic Input","Services","Availability","Liquid fossil fuel","Fossil","#8da0cb","nrg_bal_sd","kt","EU27_2020",9535.07102097902,3782.66156643357,523.886769230769,1994.34167832168,3489.68316083916,3543.26248951049,6149.61868531469,1979.11695104895
"Domestic Input","Refinery, direct carry over and other","Availability","Processing","Liquid fossil fuel","Fossil","#8da0cb","nrg_bal_sd","kt","EU27_2020",26.7408671328671,45.478993006993,231.786713286713,383.155636363636,432.440811188811,452.154881118881,652.516195804196,693.798629370629
"Domestic Input","Refinery, direct carry over and other","Availability","Processing","Liquid fossil fuel","Fossil","#8da0cb","nrg_bal_sd","kt","EU27_2020",389.401678321678,346.850517482517,436.344587412587,609.18427972028,738.008895104895,748.74427972028,884.888475524476,841.849342657343
"Domestic Input","Electricity and heat generation","Availability","Processing","Liquid fossil fuel","Fossil","#8da0cb","nrg_bal_sd","kt","EU27_2020",15366.6295384615,16113.4219300699,16443.8765874126,15971.2268811189,16347.9412867133,19768.0396363636,20575.6333426573,22772.2882237762
"Domestic Input","Refinery, direct carry over and other","Availability","Processing","Liquid fossil fuel","Fossil","#8da0cb","nrg_bal_sd","kt","EU27_2020",679319.81613986,662740.673706294,662760.192587413,633867.856783217,625249.977986014,648589.192111888,645669.362685315,661813.624447552
"Refinery, direct carry over and other","Energy industry (consumption and losses)","Processing","Outflows","Bioenergy solid","Biomass","#66c2a5","nrg_bal_sd","kt","EU27_2020",0.83736,0.41868,3.1401,0.62802,0.41868,0.83736,0.41868,6.69888
"Refinery, direct carry over and other","Exports","Processing","Backflows","Bioenergy solid","Biomass","#66c2a5","nrg_bal_sd","kt","EU27_2020",9172.44144,9234.19674,9142.29648,8674.84026,7839.99234,6857.9784,6070.65066,5459.37786
"Domestic Input","Material industry","Availability","Processing","Bioenergy solid","Biomass","#66c2a5","nrg_bal_sd","kt","EU27_2020",42857.75952,42625.18278,41002.16976,39437.35326,38973.66516,38379.13956,39515.0184,39576.7737
"Refinery, direct carry over and other","Residential housing and other energy","Processing","Services","Bioenergy solid","Biomass","#66c2a5","nrg_bal_sd","kt","EU27_2020",94399.7796,93271.437,94388.05656,90691.94952,102691.10898,101086.51788,89903.57508,100432.9584
"Refinery, direct carry over and other","Transport","Processing","Services","Bioenergy solid","Biomass","#66c2a5","nrg_bal_sd","kt","EU27_2020",0.20934,0.41868,0.20934,0.62802,0.62802,0,0,0
"Domestic Input","Refinery, direct carry over and other","Availability","Processing","Bioenergy solid","Biomass","#66c2a5","nrg_bal_sd","kt","EU27_2020",146486.92104,145202.62014,144750.2364,139578.91038,150171.93306,147044.6028,136481.51574,146090.0124
"Refinery, direct carry over and other","Energy industry (consumption and losses)","Processing","Outflows","Bioenergy solid","Biomass","#66c2a5","nrg_bal_sd","kt","EU27_2020",55.68444,47.52018,84.36402,618.18102,609.80742,559.77516,602.48052,587.82672
"Domestic Input","Electricity and heat generation","Availability","Processing","Bioenergy solid","Biomass","#66c2a5","nrg_bal_sd","kt","EU27_2020",55884.15036,54423.79452,53176.75614,52289.36388,51997.12524,51249.78144,45487.90728,45870.5808
"Refinery, direct carry over and other","Exports","Processing","Backflows","Bioenergy liquid","Biomass","#66c2a5","nrg_bal_sd","kt","EU27_2020",7196.90425174825,6511.98671328671,5892.65261538462,6349.29683916084,4913.29275524476,3818.7714965035,3507.54293706294,3053.82654545455
"Domestic Input","Material industry","Availability","Processing","Bioenergy liquid","Biomass","#66c2a5","nrg_bal_sd","kt","EU27_2020",221.441706293706,182.794321678322,121.700223776224,118.479608391608,88.4205314685315,80.4177902097902,84.4191608391609,118.186825174825
"Refinery, direct carry over and other","Residential housing and other energy","Processing","Services","Bioenergy liquid","Biomass","#66c2a5","nrg_bal_sd","kt","EU27_2020",517.835916083916,427.561090909091,313.180447552448,304.982517482517,281.55986013986,279.510377622378,264.28565034965,330.06427972028
"Refinery, direct carry over and other","Transport","Processing","Services","Bioenergy liquid","Biomass","#66c2a5","nrg_bal_sd","kt","EU27_2020",13358.527048951,12255.3198881119,12573.3800559441,12563.6206153846,11643.7933426573,13103.2200839161,12314.2669090909,11694.5424335664
"Domestic Input","Refinery, direct carry over and other","Availability","Processing","Bioenergy liquid","Biomass","#66c2a5","nrg_bal_sd","kt","EU27_2020",8397.60822377622,7313.82234965035,6637.7859020979,7099.99300699301,5498.7615944056,4430.20044755245,4413.12142657343,4158.9855944056
"Refinery, direct carry over and other","Energy industry (consumption and losses)","Processing","Outflows","Bioenergy liquid","Biomass","#66c2a5","nrg_bal_sd","kt","EU27_2020",44.1126713286713,52.6033846153846,36.6954965034965,37.8666293706294,33.9628531468531,15.4199160839161,12.7848671328671,16.2006713286713
"Domestic Input","Electricity and heat generation","Availability","Processing","Bioenergy liquid","Biomass","#66c2a5","nrg_bal_sd","kt","EU27_2020",985.801090909091,1046.01683916084,1085.73776223776,983.654013986014,925.194965034965,778.412979020979,706.778685314685,1089.05597202797
"Refinery, direct carry over and other","Energy industry (consumption and losses)","Processing","Outflows","Bioenergy gaseos","Biomass","#66c2a5","nrg_bal_sd","kt","EU27_2020",70.589448,73.101528,77.03712,78.963048,84.322152,88.76016,93.951792,99.143424
"Domestic Input","Material industry","Availability","Processing","Bioenergy gaseos","Biomass","#66c2a5","nrg_bal_sd","kt","EU27_2020",323.137224,278.924616,259.916544,262.428624,242.918136,189.745776,284.367456,257.320728
"Refinery, direct carry over and other","Residential housing and other energy","Processing","Services","Bioenergy gaseos","Biomass","#66c2a5","nrg_bal_sd","kt","EU27_2020",1727.976096,1698.249816,1535.969448,1445.618304,1321.270344,1169.37324,970.751448,872.9478
"Refinery, direct carry over and other","Transport","Processing","Services","Bioenergy gaseos","Biomass","#66c2a5","nrg_bal_sd","kt","EU27_2020",125.604,110.615256,106.595928,102.911544,97.636176,82.312488,59.201352,23.194872
"Domestic Input","Refinery, direct carry over and other","Availability","Processing","Bioenergy gaseos","Biomass","#66c2a5","nrg_bal_sd","kt","EU27_2020",2706.431256,2612.479464,2420.80776,2347.53876,2240.942832,1939.32576,1728.897192,1514.030616
"Refinery, direct carry over and other","Energy industry (consumption and losses)","Processing","Outflows","Bioenergy gaseos","Biomass","#66c2a5","nrg_bal_sd","kt","EU27_2020",459.040752,451.588248,441.28872,457.533504,494.87976,409.217832,320.625144,261.423792
"Domestic Input","Electricity and heat generation","Availability","Processing","Bioenergy gaseos","Biomass","#66c2a5","nrg_bal_sd","kt","EU27_2020",8717.33628,8634.43764,8523.738648,8217.348624,7679.42856,6665.636808,5520.379536,4337.357328
"Domestic Extraction","Domestic Input","Sourcing","Availability","Hydropower","Renewables","#e78ac3","nrg_bal_sd","kt","EU27_2020",0.00010596455856,0.0001244128554,0.00012095581464,0.00013321811448,0.00013248542448,0.00011940251184,0.00011067345252,0.00013440088548
"Domestic Input","Electricity and heat generation","Availability","Processing","Hydropower","Renewables","#e78ac3","nrg_bal_sd","kt","EU27_2020",0.00010596455856,0.0001244128554,0.00012095581464,0.00013321811448,0.00013248542448,0.00011940251184,0.00011067345252,0.00013440088548
"Domestic Input","Material industry","Availability","Processing","Geothermal","Renewables","#a6d854","nrg_bal_sd","kt","EU27_2020",2.0934e-08,2.93076e-08,1.507248e-08,1.423512e-08,1.632852e-08,1.716588e-08,2.30274e-08,2.72142e-08
"Refinery, direct carry over and other","Residential housing and other energy","Processing","Services","Geothermal","Renewables","#a6d854","nrg_bal_sd","kt","EU27_2020",2.1582954e-06,2.0075706e-06,1.8673128e-06,1.85391504e-06,1.95774768e-06,1.87275564e-06,1.82711952e-06,1.73082312e-06
"Domestic Input","Refinery, direct carry over and other","Availability","Processing","Geothermal","Renewables","#a6d854","nrg_bal_sd","kt","EU27_2020",2.18048544e-06,2.03813424e-06,1.88364132e-06,1.8694062e-06,1.978263e-06,1.89787644e-06,1.85810184e-06,1.76431752e-06
"Refinery, direct carry over and other","Energy industry (consumption and losses)","Processing","Outflows","Geothermal","Renewables","#a6d854","nrg_bal_sd","kt","EU27_2020",1.25604e-09,1.25604e-09,1.25604e-09,1.25604e-09,2.0934e-09,1.67472e-09,1.67472e-09,6.2802e-09
"Domestic Extraction","Domestic Input","Sourcing","Availability","Geothermal","Renewables","#a6d854","nrg_bal_sd","kt","EU27_2020",2.835175356e-05,2.803816224e-05,2.722341096e-05,2.591461728e-05,2.491104132e-05,2.390620932e-05,2.423822256e-05,2.299892976e-05
"Domestic Input","Electricity and heat generation","Availability","Processing","Geothermal","Renewables","#a6d854","nrg_bal_sd","kt","EU27_2020",2.617126812e-05,2.6000028e-05,2.533976964e-05,2.40447924e-05,2.293277832e-05,2.200833288e-05,2.238012072e-05,2.123461224e-05
"Domestic Extraction","Domestic Input","Sourcing","Availability","Windpower","Renewables","#e78ac3","nrg_bal_sd","kt","EU27_2020",0.00011243190852,9.605230956e-05,9.47535642e-05,8.004826656e-05,7.541096688e-05,6.748577316e-05,5.952499164e-05,5.034333924e-05
"Domestic Input","Electricity and heat generation","Availability","Processing","Windpower","Renewables","#e78ac3","nrg_bal_sd","kt","EU27_2020",0.00011243190852,9.605230956e-05,9.47535642e-05,8.004826656e-05,7.541096688e-05,6.748577316e-05,5.952499164e-05,5.034333924e-05
"Domestic Input","Material industry","Availability","Processing","Solar thermal","Renewables","#a6d854","nrg_bal_sd","kt","EU27_2020",6.782616e-08,6.405804e-08,6.112728e-08,5.819652e-08,5.317236e-08,4.856688e-08,4.39614e-08,4.1868e-08
"Refinery, direct carry over and other","Residential housing and other energy","Processing","Services","Solar thermal","Renewables","#a6d854","nrg_bal_sd","kt","EU27_2020",9.08786808e-06,8.8257744e-06,8.61141024e-06,8.15714244e-06,7.6681242e-06,7.32564396e-06,6.91366284e-06,6.21069912e-06
"Domestic Input","Refinery, direct carry over and other","Availability","Processing","Solar thermal","Renewables","#a6d854","nrg_bal_sd","kt","EU27_2020",9.25324668e-06,8.98529148e-06,8.76548448e-06,8.30535516e-06,7.80921936e-06,7.45962156e-06,7.04261628e-06,6.27266376e-06
"Refinery, direct carry over and other","Energy industry (consumption and losses)","Processing","Outflows","Solar thermal","Renewables","#a6d854","nrg_bal_sd","kt","EU27_2020",4.1868e-10,4.1868e-10,4.1868e-10,4.1868e-10,4.1868e-10,4.1868e-10,4.1868e-10,4.1868e-10
"Domestic Extraction","Domestic Input","Sourcing","Availability","Solar thermal","Renewables","#a6d854","nrg_bal_sd","kt","EU27_2020",1.911022992e-05,1.83088764e-05,1.806855408e-05,1.735763544e-05,1.571012964e-05,1.371302604e-05,9.20007432e-06,7.54545096e-06
"Domestic Input","Electricity and heat generation","Availability","Processing","Solar thermal","Renewables","#a6d854","nrg_bal_sd","kt","EU27_2020",9.85740192e-06,9.32316624e-06,9.30348828e-06,9.05228028e-06,7.90091028e-06,6.25340448e-06,2.15745804e-06,1.2727872e-06
"Domestic Extraction","Domestic Input","Sourcing","Availability","Solar power","Renewables","#e78ac3","nrg_bal_sd","kt","EU27_2020",3.673749528e-05,3.436399836e-05,3.429533484e-05,3.19369104e-05,2.856067488e-05,2.39045346e-05,1.631847168e-05,8.0868042e-06
"Domestic Input","Electricity and heat generation","Availability","Processing","Solar power","Renewables","#e78ac3","nrg_bal_sd","kt","EU27_2020",3.673749528e-05,3.436399836e-05,3.429533484e-05,3.19369104e-05,2.856067488e-05,2.39045346e-05,1.631847168e-05,8.0868042e-06
"Refinery, direct carry over and other","Exports","Processing","Backflows","Other renewable energy","Renewables","#e78ac3","nrg_bal_sd","kt","EU27_2020",2.3320476e-07,1.821258e-07,2.7339804e-07,2.6460576e-07,2.8595844e-07,3.5252856e-07,2.5665084e-07,2.3404212e-07
"Domestic Input","Material industry","Availability","Processing","Other renewable energy","Renewables","#e78ac3","nrg_bal_sd","kt","EU27_2020",3.55878e-08,3.475044e-08,3.475044e-08,3.475044e-08,3.475044e-08,3.098232e-08,3.098232e-08,3.098232e-08
"Refinery, direct carry over and other","Residential housing and other energy","Processing","Services","Other renewable energy","Renewables","#e78ac3","nrg_bal_sd","kt","EU27_2020",1.56460716e-06,1.48380192e-06,1.63871352e-06,1.5721434e-06,1.55832696e-06,1.64708712e-06,1.4381658e-06,1.4172318e-06
"Domestic Input","Refinery, direct carry over and other","Availability","Processing","Other renewable energy","Renewables","#e78ac3","nrg_bal_sd","kt","EU27_2020",1.5407424e-06,1.40634612e-06,1.59600816e-06,1.51520292e-06,1.50138648e-06,1.63745748e-06,1.3586166e-06,1.31758596e-06
"Imports","Domestic Input","Sourcing","Availability","Other renewable energy","Renewables","#e78ac3","nrg_bal_sd","kt","EU27_2020",1.538649e-06,1.40634612e-06,1.59600816e-06,1.51520292e-06,1.50138648e-06,1.63745748e-06,1.3586166e-06,1.31423652e-06
"Domestic Extraction","Domestic Input","Sourcing","Availability","Other renewable energy","Renewables","#e78ac3","nrg_bal_sd","kt","EU27_2020",1.8798732e-07,1.800324e-07,1.7542692e-07,1.7291484e-07,1.4905008e-07,1.6495992e-07,1.716588e-07,1.716588e-07
"Domestic Input","Electricity and heat generation","Availability","Processing","Other renewable energy","Renewables","#e78ac3","nrg_bal_sd","kt","EU27_2020",1.8798732e-07,1.800324e-07,1.7542692e-07,1.7291484e-07,1.4905008e-07,1.6495992e-07,1.716588e-07,1.716588e-07
"Domestic Input","Material industry","Availability","Processing","Renewable heat","Renewables","#a6d854","nrg_bal_sd","kt","EU27_2020",1.03790772e-06,9.3491244e-07,8.3484792e-07,7.5111192e-07,2.2566852e-07,2.0682792e-07,1.9008072e-07,1.7124012e-07
"Electricity and heat generation","Residential housing and other energy","Processing","Services","Renewable heat","Renewables","#a6d854","nrg_bal_sd","kt","EU27_2020",4.322326716e-05,2.6722251e-05,2.34063054e-05,2.118395196e-05,1.803171024e-05,1.604214288e-05,1.397218896e-05,9.77785272e-06
"Domestic Input","Refinery, direct carry over and other","Availability","Processing","Renewable heat","Renewables","#a6d854","nrg_bal_sd","kt","EU27_2020",4.426117488e-05,2.765716344e-05,2.424115332e-05,2.193506388e-05,1.825779744e-05,1.62489708e-05,1.416226968e-05,9.94867416e-06
"Domestic Extraction","Domestic Input","Sourcing","Availability","Renewable heat","Renewables","#a6d854","nrg_bal_sd","kt","EU27_2020",4.542971076e-05,2.891948364e-05,2.562824016e-05,2.321957412e-05,1.945103544e-05,1.778427036e-05,1.555228728e-05,9.9583038e-06
"Domestic Input","Electricity and heat generation","Availability","Processing","Renewable heat","Renewables","#a6d854","nrg_bal_sd","kt","EU27_2020",7.9297992e-07,8.3777868e-07,9.5835852e-07,9.4914756e-07,7.2389772e-07,9.7301232e-07,8.5913136e-07,9.62964e-09
"Refinery, direct carry over and other","Energy industry (consumption and losses)","Processing","Outflows","Solid fossil fuel","Fossil","#8da0cb","nrg_bal_sd","kt","EU27_2020",49.1416779661017,62.2697796610169,85.5100677966102,87.4615423728814,69.3660508474576,64.7534745762712,73.269,91.0096779661017
"Refinery, direct carry over and other","Exports","Processing","Backflows","Solid fossil fuel","Fossil","#8da0cb","nrg_bal_sd","kt","EU27_2020",25748.9974067797,29749.6976949153,30222.4867627119,33105.3469322034,34127.7422033898,31763.4420508475,30891.8425423729,36057.750559322
"Domestic Input","Material industry","Availability","Processing","Solid fossil fuel","Fossil","#8da0cb","nrg_bal_sd","kt","EU27_2020",23681.1439830508,23325.2659830508,23332.3622542373,22758.2739152542,23333.6041016949,24718.6188305085,26660.6908474576,23927.2071864407
"Refinery, direct carry over and other","Consumables","Processing","Services","Solid fossil fuel","Fossil","#8da0cb","nrg_bal_sd","kt","EU27_2020",3096.81274576271,3186.58057627119,3079.78169491525,3077.47540677966,3066.12137288136,2907.51971186441,2961.80618644068,2484.58194915254
"Refinery, direct carry over and other","Residential housing and other energy","Processing","Services","Solid fossil fuel","Fossil","#8da0cb","nrg_bal_sd","kt","EU27_2020",19520.0679661017,19575.4188813559,19186.3658135593,19369.2722033898,21609.7424237288,22328.2398813559,22228.1824576271,25500.0956949153
"Refinery, direct carry over and other","Transport","Processing","Services","Solid fossil fuel","Fossil","#8da0cb","nrg_bal_sd","kt","EU27_2020",2.48369491525424,2.1288813559322,2.1288813559322,2.1288813559322,0.887033898305085,0.887033898305085,0.887033898305085,0.887033898305085
"Domestic Input","Refinery, direct carry over and other","Availability","Processing","Solid fossil fuel","Fossil","#8da0cb","nrg_bal_sd","kt","EU27_2020",50076.6116949153,55113.0127627119,54762.1021525424,56646.1621525424,60519.3069661017,70180.5253728814,67548.5183898305,73802.817
"Imports","Domestic Input","Sourcing","Availability","Solid fossil fuel","Fossil","#8da0cb","nrg_bal_sd","kt","EU27_2020",193682.787254237,193583.439457627,200523.060457627,204510.810050847,203847.308694915,207824.946101695,210727.675830508,202427.877050847
"Refinery, direct carry over and other","Energy industry (consumption and losses)","Processing","Outflows","Solid fossil fuel","Fossil","#8da0cb","nrg_bal_sd","kt","EU27_2020",1200.33427118644,1210.62386440678,1285.31211864407,1388.9176779661,1462.1866779661,2154.25052542373,2017.46989830508,1955.55493220339
"Domestic Extraction","Domestic Input","Sourcing","Availability","Solid fossil fuel","Fossil","#8da0cb","nrg_bal_sd","kt","EU27_2020",228603.892576271,231164.049813559,248837.31320339,253929.065186441,264608.421101695,278948.033694915,278320.545915254,273717.37220339
"Recovery","Domestic Input","Backflows","Availability","Solid fossil fuel","Fossil","#8da0cb","nrg_bal_sd","kt","EU27_2020",849.955881355932,786.976474576271,883.308355932203,1487.91066101695,1202.28574576271,1252.31445762712,1255.33037288136,1161.48218644068
"Refinery, direct carry over and other","Stocks","Processing","Services","Solid fossil fuel","Fossil","#8da0cb","nrg_bal_sd","kt","EU27_2020",286.15713559322,98.8155762711864,732.867406779661,2057.38642372881,826.538186440678,10308.0435254237,3484.44655932203,6246.84752542373
"Stocks","Domestic Input","Services","Availability","Solid fossil fuel","Fossil","#8da0cb","nrg_bal_sd","kt","EU27_2020",3181.08096610169,15104.945440678,7691.29352542373,1200.68908474576,12393.992440678,8441.90161016949,2399.78150847458,13705.9155762712
"Domestic Input","Refinery, direct carry over and other","Availability","Processing","Solid fossil fuel","Fossil","#8da0cb","nrg_bal_sd","kt","EU27_2020",54218.8825932203,52943.8600677966,52648.477779661,53738.642440678,52103.4841525424,52565.4514067797,53258.0474745763,54608.2904745763
"Domestic Input","Refinery, direct carry over and other","Availability","Processing","Solid fossil fuel","Fossil","#8da0cb","nrg_bal_sd","kt","EU27_2020",6754.05350847458,6952.57169491525,7494.19459322034,7578.64022033898,7321.57779661017,7016.61554237288,6947.42689830509,6488.83037288136
"Domestic Input","Refinery, direct carry over and other","Availability","Processing","Solid fossil fuel","Fossil","#8da0cb","nrg_bal_sd","kt","EU27_2020",61514.9138135593,61719.8186440678,61116.4581864407,61031.6577457627,61333.9588983051,63439.5999661017,65623.4774237288,66302.9453898305
"Domestic Input","Electricity and heat generation","Availability","Processing","Solid fossil fuel","Fossil","#8da0cb","nrg_bal_sd","kt","EU27_2020",279013.49679661,287479.880542373,307350.504305085,306702.969559322,324090.253220339,333311.857627119,324611.474338983,315993.940016949
"Domestic Input","Refinery, direct carry over and other","Availability","Processing","Solid fossil fuel","Fossil","#8da0cb","nrg_bal_sd","kt","EU27_2020",1246.63744067797,1522.32757627119,1389.80471186441,1519.13425423729,1374.72513559322,1568.09852542373,1600.56396610169,1590.09696610169
"Refinery, direct carry over and other","Exports","Processing","Backflows","Other fossil fuel","Fossil","#8da0cb","nrg_bal_sd","kt","EU27_2020",76.4091,60.49926,59.24322,60.49926,95.66838,58.19652,53.3817,0
"Domestic Input","Material industry","Availability","Processing","Other fossil fuel","Fossil","#8da0cb","nrg_bal_sd","kt","EU27_2020",8310.16998,8302.4244,7364.16252,7216.36848,6812.13294,6184.53162,6287.5269,5234.33736
"Refinery, direct carry over and other","Residential housing and other energy","Processing","Services","Other fossil fuel","Fossil","#8da0cb","nrg_bal_sd","kt","EU27_2020",435.63654,395.44326,390.4191,436.4739,437.72994,332.22258,339.54948,532.7703
"Domestic Input","Refinery, direct carry over and other","Availability","Processing","Other fossil fuel","Fossil","#8da0cb","nrg_bal_sd","kt","EU27_2020",8926.04826,8893.8099,7958.47878,7867.20654,7483.48632,6696.15858,6831.18288,5915.32038
"Imports","Domestic Input","Sourcing","Availability","Other fossil fuel","Fossil","#8da0cb","nrg_bal_sd","kt","EU27_2020",1036.44234,979.92054,886.97358,767.44044,723.06036,506.6028,378.9054,108.01944
"Refinery, direct carry over and other","Energy industry (consumption and losses)","Processing","Outflows","Other fossil fuel","Fossil","#8da0cb","nrg_bal_sd","kt","EU27_2020",96.71508,132.30288,144.86328,153.65556,130.00014,115.137,143.3979,144.23526
"Domestic Extraction","Domestic Input","Sourcing","Availability","Other fossil fuel","Fossil","#8da0cb","nrg_bal_sd","kt","EU27_2020",27838.66122,27728.33904,25670.10816,25445.69568,24364.66392,23550.54066,23425.77402,22246.77114
"Domestic Input","Electricity and heat generation","Availability","Processing","Other fossil fuel","Fossil","#8da0cb","nrg_bal_sd","kt","EU27_2020",19950.31134,19817.1711,18601.11504,18357.65262,17610.93684,17364.33432,16975.17126,16440.5169
"Refinery, direct carry over and other","Exports","Processing","Backflows","Municipal waste","Renewables","#a6d854","nrg_bal_sd","kt","EU27_2020",172.49616,141.93252,144.4446,141.93252,144.86328,147.79404,125.604,0
"Domestic Input","Material industry","Availability","Processing","Municipal waste","Renewables","#a6d854","nrg_bal_sd","kt","EU27_2020",2894.33484,2398.61772,2324.09268,2129.40648,2130.66252,1394.2044,1202.03028,648.954
"Refinery, direct carry over and other","Residential housing and other energy","Processing","Services","Municipal waste","Renewables","#a6d854","nrg_bal_sd","kt","EU27_2020",679.51764,597.87504,530.46756,651.0474,728.08452,651.88476,675.74952,1050.8868
"Domestic Input","Refinery, direct carry over and other","Availability","Processing","Municipal waste","Renewables","#a6d854","nrg_bal_sd","kt","EU27_2020",3779.84304,3172.75704,3073.52988,2959.64892,3022.8696,2210.6304,2003.80248,1755.10656
"Imports","Domestic Input","Sourcing","Availability","Municipal waste","Renewables","#a6d854","nrg_bal_sd","kt","EU27_2020",1935.13896,1851.40296,1598.10156,1421.83728,1343.12544,909.79164,434.58984,147.37536
"Domestic Extraction","Domestic Input","Sourcing","Availability","Municipal waste","Renewables","#a6d854","nrg_bal_sd","kt","EU27_2020",38062.1988,36902.03652,36231.72984,35821.00476,34807.79916,32809.8582,31496.87772,30871.78848
"Domestic Input","Electricity and heat generation","Availability","Processing","Municipal waste","Renewables","#a6d854","nrg_bal_sd","kt","EU27_2020",36221.26284,35581.10112,34757.13888,34283.6118,33128.055,31509.01944,29927.66508,29264.05728
